Papers,Year,Author Perspective,Are the impirical research objectives and the research questions defined in advance?,"
Is the research protocol explicit? (data collection, population definition, analysis mechanisms ...)","
Are threats to validity conducted in a systematic way, and are countermeasures taken to reduce them?","
Is a pilot study presented in the research?","
Is the data presented or made available for further analysis?","
Does the research make evident the method of analysis applied in your data?",Do the findings of the empirical study answer the research questions and / or hypotheses that have been raised?,"Is the case and its analysis units explicitly defined and presented? (size, domain, process and subjects)","Does the researcher avoid any interference in the process, technique and methodology used in the case study?","Is triangulation applied? (multiple methods of collection and analysis, multiple authors and various theories)","Are ethical issues handled appropriately (personal intentions, integrity, confidentiality, consent and approval of the review board)?",Does the study report provide implications for practice?,Are the hypothesis (null hypothesis and alternative hypothesis) presented?,Does any method was used to comprove/reject  the hyphotesis?,"Are the independent, dependent variables and their metrics presented?",Were quantitative methods applied to interpret the results?,Are the treatments presented?,Is randomized the sample?,"Is it possible to identify the population, the intervention and the outcome in main research question?",Are the reviews inclusion and exclusion criteria described?,Is the search strategy defined in the study?,Did the reviewers assess the quality/validity of the included studies,"The study specifies and thoroughly describes its sampling method (e.g. nonprobabilistic
sampling methods, probabilistic sampling methods,etc.).","The study describes how the questionnaire was designed (e.g. the number of questions, type and wording of the questions, question sequence and grouping, translations, etc.).","The questionnaire of the study is available (e.g. attached to the report or included as an appendix, etc.).",The study provides information on its response rate.,"The study formally assesses its trustworthiness (e.g. through calculating measurementerror, sample frame error, error of  selection, non-response error, etc.)."
Análise glossemática da estrutura das linguagens de interface humano-computador.,1998,Not Reported,Partially,Partially,No,No,Partially,Yes,Partially,Yes,Yes,Partially,No,No,No,No,No,No,No,No,No,No,No,No,No,No,No,No,No
Searching for Preferences of Autistic Children to Support the Design of User Interfaces,2017,Case Study,Partially,Yes,Partially,Yes,Yes,Yes,Partially,Yes,No,No,No,Yes,No,No,No,Yes,No,No,No,No,No,No,No,No,No,No,No
Sistema de recomendação para apoiar a construção de gráficos com dados estatísticos.,2013,Not Reported,Yes,Yes,No,No,Partially,Yes,Yes,Yes,Yes,Yes,No,Yes,No,No,No,No,No,No,No,No,No,No,No,No,No,No,No
"Gerando conhecimento sobre os homens, mulheres e crianças que usam computadores: algumas contribuições da psicologia clínica.",2001,Not Reported,Partially,Partially,No,No,No,No,No,,,,,,,,,,,,,,,,,,,,
Customizing a communication device for a child with cerebral palsy using participatory design practices: contributions towards the PD4CAT method.,2012,Case Study,Partially,Partially,No,No,Partially,No,Partially,,,,,,,,,,,,,,,,,,,,
Validação de um método para identificação de problemas de usabilidade a partir de diagramas UML,2010,Experiment,Yes,Yes,No,No,Yes,Yes,Yes,Yes,Yes,No,No,No,No,No,Yes,Yes,Yes,Yes,Partially,No,No,No,No,No,No,No,No
Meta-communication in Inclusive Scenarios: Issues and Alternatives,2010,Not Reported,Partially,Partially,No,Yes,Partially,Yes,Partially,Yes,No,No,No,No,No,No,No,No,Yes,No,No,No,No,No,No,No,No,No,No
"Utilizando sons como forma de comunicação,entretenimento e material pedagógico para auxiliar o desenvolvimento da percepção musical infantil",2008,Not Reported,Partially,Yes,No,No,Yes,Yes,Partially,Yes,Yes,Yes,No,Yes,Yes,Yes,Yes,Yes,Yes,No,No,No,No,No,No,No,No,No,No
An Overview of Researches on Digital Accessibility before and after the Great Challenges of SBC 2006-2016: A Systematic Literature Review,2017,Systematic Review,Yes,Yes,Yes,No,Yes,Yes,Yes,Yes,Yes,Yes,No,No,No,No,No,No,No,No,Yes,Yes,Yes,Yes,No,No,No,No,No
Characterizing the Tool-notation-people Triplet in Software Modeling Tasks,2014,Not Reported,Partially,Partially,No,No,Partially,Yes,Partially,Yes,Yes,Partially,No,No,No,No,No,No,No,No,No,No,No,No,No,No,No,No,No
Usuários podem escrever especificações de sistemas? Um estudo empírico com uma linguagem de script,2008,Not Reported,Partially,Partially,No,Yes,Partially,Yes,Yes,Yes,Yes,No,Partially,No,No,No,No,No,Yes,No,No,No,No,No,No,No,No,No,No
Bottlenecks Identification in Software Development Process A Quali_Quantitative Approach,2017,Experiment,Partially,Yes,Partially,No,Yes,Yes,Partially,Yes,Yes,No,No,No,No,No,Yes,Yes,Yes,Yes,No,No,No,No,No,No,No,No,No
Estudo e avaliação da usabilidade de agentes improvisacionais de interface,2001,Not Reported,Partially,Partially,No,No,No,No,No,,,,,,,,,,,,,,,,,,,,
Measuring the emotional experience of users through a hybrid semantic approach,2014,Not Reported,Partially,Partially,No,No,Yes,Yes,Partially,Yes,Yes,No,Yes,Yes,No,No,Partially,Yes,Yes,No,No,No,No,No,No,No,No,No,No
 A technique to improve sketches of rich interactions,2013,Not Reported,No,Partially,No,No,Partially,Yes,No,,,,,,,,,,,,,,,,,,,,
 Comparing usability evaluation methods applied to corporate web portals,2001,Case Study,Partially,Yes,No,No,Yes,Yes,Partially,Yes,Yes,Yes,No,No,No,No,Partially,Yes,Yes,No,No,No,No,No,No,No,No,No,No
Do Learning Styles Influence the Way Students Perceive Interface Agents ?,2008,Experiment,Partially,Yes,No,No,Yes,Yes,Partially,Yes,Yes,Partially,No,Yes,No,No,No,Yes,Yes,No,No,No,No,No,Yes,No,Yes,No,No
 Evaluating a MoLIC Extension for Collaborative Systems Design,2015,Case Study,Yes,Yes,Partially,No,Yes,Yes,Yes,Yes,Yes,Yes,Yes,No,No,No,No,No,Yes,No,Partially,No,No,No,No,Yes,No,No,No
 Contribuições da MoLIC para a Reflexão sobre o Conteúdo do Sistema de Ajuda,2006,Not Reported,Partially,Partially,No,No,No,No,Partially,,,,,,,,,,,,,,,,,,,,
 Recommendations for the Design of Urban Mobility Applications Based on the Study of the User Experience,2017,Others,Partially,Yes,No,No,Partially,Yes,Partially,Yes,Yes,No,No,Yes,No,No,No,No,No,No,No,No,No,No,No,No,No,No,No
 Making More Sense out of Users’ Utterances,1999,Not Reported,No,No,No,No,No,No,No,,,,,,,,,,,,,,,,,,,,
 An Interaction Modeling Language for Therapeutic Applications,2016,Not Reported,Partially,Partially,No,Yes,No,No,Partially,,,,,,,,,,,,,,,,,,,,
 Analisando a Comunicação entre Usuários em Ambientes de Grupo,2001,Not Reported,Partially,No,No,No,No,No,Partially,,,,,,,,,,,,,,,,,,,,
 Estratégias para Comunicar Qualidade na Wikipedia,2010,Not Reported,Partially,Yes,Partially,No,No,Yes,Partially,,,,,,,,,,,,,,,,,,,,
 Digital Memorials: A proposal for data management beyond life,2017,Others,Partially,Yes,No,No,No,Yes,Partially,,,,,,,,,,,,,,,,,,,,
 Um Modelo para Criação de Ferramentas de Apoio a Testes de Usabilidade de Interfaces,2002,Not Reported,No,No,No,No,No,No,No,,,,,,,,,,,,,,,,,,,,
 Metáforas de Perspectivas Culturais na (re) definição de padrões de colaboração de um jogo de multi-toque para usuários com autismo,2013,Not Reported,Partially,Yes,No,No,Yes,Yes,Partially,Yes,Yes,No,No,No,No,No,No,No,No,No,No,No,No,No,No,No,No,No,No
" An environment to support the design, implementation and evaluation of gamification in social systems",2015,Others,Partially,Partially,No,No,Partially,Yes,Partially,No,Yes,No,No,Yes,No,No,No,No,No,No,No,No,No,No,No,No,No,No,No
Therapy Game: uma nova plataforma para auxiliar nas áreas de fisioterapia e terapia ocupacional,2015,Case Study,Partially,Yes,No,No,Partially,Yes,Partially,Yes,Yes,No,Yes,Yes,No,No,No,Yes,Yes,No,No,No,No,No,No,Yes,Yes,No,No
 iTalk4U: a method for developing a smartphone application to improving communication between deaf and listeners,2015,Not Reported,No,No,No,No,No,No,No,,,,,,,,,,,,,,,,,,,,
 A Expressão da Diversidade de Usuários no Projeto de Interação com Padrões e Personas,2008,Others,Partially,Yes,No,No,Yes,Yes,Partially,Yes,Yes,No,No,Yes,No,No,No,Yes,Yes,No,No,No,No,No,No,No,No,No,No
 Decisões de design de interfaces ruins e o impacto delas na interação: um estudo preliminar considerando o estado emocional de idosos,2012,Others,Partially,Yes,No,No,Partially,Yes,Partially,Yes,Yes,No,Yes,No,No,No,No,No,Yes,No,No,No,No,No,No,No,No,No,No
 Investigating the case-based reasoning process during HCI design.,2014,Not Reported,Yes,Yes,No,No,Yes,Yes,Yes,Yes,Yes,No,No,Yes,Yes,Yes,No,No,Yes,Yes,Partially,No,No,No,No,No,Yes,No,No
 Uma Análise Comparativa dos Métodos de Avaliação de Sistemas Colaborativos Fundamentados na Engenharia Semiótica,2013,Case Study,Partially,Yes,No,Yes,Yes,Yes,Partially,Yes,Yes,No,No,Yes,No,No,No,No,Yes,No,No,No,No,No,No,No,No,No,No
 Afinando a comunicação entre pares para melhorar a compreensão da mensagem do designer,2011,Experiment,Partially,Yes,No,No,Yes,Yes,Partially,Yes,Yes,No,No,No,Yes,No,No,No,Yes,No,No,No,No,No,No,No,No,No,No
 Indicadores para avaliação de websites,2000,Not Reported,No,No,No,No,No,No,No,,,,,,,,,,,,,,,,,,,,
 Issues of the Social Web interaction project faced with afterlife digital legacy,2011,Not Reported,No,Partially,No,No,Partially,Yes,No,,,,,,,,,,,,,,,,,,,,
 Análise das Redes de Coautoria do Simpósio Brasileiro sobre Fatores Humanos em Sistemas Computacionais,2014,Not Reported,Yes,Yes,No,No,Yes,Yes,Yes,Yes,Yes,No,No,No,No,No,No,Yes,No,No,Yes,No,Yes,No,No,No,No,No,No
 Avaliação Heurística Participativa do CollabSS,2004,Others,Partially,Partially,No,No,No,Yes,Partially,,,,,,,,,,,,,,,,,,,,
 Um framework para aprimoramento do Processo de Inovação,2013,Case Study,Partially,Yes,No,No,Yes,Yes,Partially,Yes,Yes,No,No,Yes,No,No,No,No,No,No,No,No,No,No,No,No,No,No,No
 Accessibility in Rich Internet Applications: People and Research,2012,Systematic Review,Yes,Yes,Yes,No,Yes,Yes,Yes,Yes,Yes,No,No,No,No,No,No,No,Yes,No,Yes,Yes,Yes,Yes,No,No,No,No,No
"Where, what, why and how – 3W1H: uma abordagem prática para desenvolvimento de ambientes interativos",2015,Case Study,Partially,Yes,No,No,Yes,Yes,Partially,Yes,Yes,No,No,Yes,No,No,No,Yes,Yes,Yes,No,No,No,No,No,No,No,No,No
 The representation of self in mediated interaction with computers,2012,Others,Partially,Yes,No,No,Partially,Yes,Partially,Yes,No,No,No,No,No,No,No,No,Yes,No,Yes,No,No,No,No,No,No,No,No
 Revelando problemas de usabilidade em aplicações para dispositivos móveis através da mineração de dados,2014,Not Reported,Partially,Yes,No,No,Partially,Yes,Partially,Yes,Yes,No,No,No,No,No,No,No,No,No,No,No,No,No,No,No,No,No,No
 Diseñando Interfaces Graficas Usables de Aplicaciones en Entornos de Televisión Digital Interactiva,2011,Others,Partially,Yes,No,No,Partially,Yes,Partially,Yes,Yes,No,No,No,No,No,No,No,No,No,No,No,No,No,No,No,No,No,No
 Migrando das redes sociais offline para as redes sociais online: o que houve com a privacidade?,2014,Others,Partially,Yes,No,No,Partially,Yes,Partially,Yes,Yes,No,Yes,No,No,No,No,No,No,No,No,No,No,No,No,Yes,No,No,No
 Face detection method and vivacity exploring new paradigms interaction,2015,Case Study,Partially,Partially,No,No,Partially,Yes,Partially,Yes,Yes,No,No,No,No,No,No,No,Yes,No,No,No,No,No,No,No,No,No,No
 Interfaces Cérebro-Computador de Sistemas Interativos: Estado da Arte e Desafios de IHC,2012,Not Reported,No,No,No,No,No,No,No,,,,,,,,,,,,,,,,,,,,
 Modelo e Arquitetura de Sistemas de Help Online,2000,Not Reported,No,No,No,No,No,No,No,,,,,,,,,,,,,,,,,,,,
 Um ambiente para desenvolvimento de interfaces homem-computador distribuídas em rede de longa distância,1998,Not Reported,Partially,No,No,No,No,No,No,,,,,,,,,,,,,,,,,,,,
 Exploring principles for affectibility in the design of mobile applications,2015,Others,Partially,Yes,No,No,Partially,Yes,Partially,Yes,Yes,No,No,No,No,No,No,No,Yes,No,No,No,No,No,No,No,No,No,No
A Gamification Proposal to Support the Onboarding of Newcomers in the FLOSScoach Portal,2018,Not Reported,Partially,Yes,No,Yes,Yes,No,Partially,,,,,,,,,,,,,,,,,,,,
Adaptation and Automation of a Cancellation Test for Evaluation of Exploratory Visual Behavior,2018,Not Reported,Partially,Yes,No,No,Partially,Yes,Partially,Yes,Yes,No,Yes,No,No,No,Partially,Yes,Yes,No,No,No,No,No,No,No,No,No,No
An Exploratory Analysis of Interactive Systems for Introducing Programming based on Cultural Viewpoint Metaphors,2018,Others,Partially,Yes,No,No,No,Yes,Partially,,,,,,,,,,,,,,,,,,,,
A Set of Privacy Inspection Techniques for Online Social Networks,2018,Not Reported,Partially,Partially,No,No,No,Yes,Partially,,,,,,,,,,,,,,,,,,,,
Do Usability and Agility Combine?: Investigating the Adoption of Usability Modeling in an Agile Software Project in the Industry,2018,Case Study,Partially,Yes,No,No,Partially,No,Partially,,,,,,,,,,,,,,,,,,,,
Human Data-Interaction: A Systematic Mapping,2018,Others,Yes,Yes,No,No,Yes,Yes,Yes,Yes,Yes,No,No,No,No,No,No,Yes,Yes,No,Yes,Yes,Yes,No,No,No,No,No,No
Analysis of The Perception of Users of Empathic Games in Discussion Forums and Their Relation to Death,2018,Not Reported,Partially,Yes,No,No,Partially,Yes,Partially,Yes,Yes,No,Yes,No,No,No,No,Yes,No,No,No,No,No,No,No,No,No,No,No
Estudo de interação para um sistema de ensino à distância baseado em interfaces de realidade virtual.,1998,Others,No,No,No,No,No,No,No,,,,,,,,,,,,,,,,,,,,
Uma abordagem semiótica à análise de interfaces: um estudo de caso.,1998,Case Study,Partially,Partially,No,No,No,No,Partially,,,,,,,,,,,,,,,,,,,,
APIS – método para desenvolvimento de interfaces homem-computador em sistemas de segurança visando a confiabilidade humana.,1998,Not Reported,No,No,No,No,No,No,No,,,,,,,,,,,,,,,,,,,,
Users’ perceptions of integrated GUI + EUP communicative environments.,1999,Case Study,Partially,Partially,No,No,No,Yes,Partially,,,,,,,,,,,,,,,,,,,,
Ergonomia em software educacional: A possível integração entre usabilidade e aprendizagem.,1999,Not Reported,Partially,Yes,Yes,No,Yes,Yes,Partially,Yes,Yes,Yes,No,Yes,Yes,Yes,Yes,Yes,Yes,No,Yes,No,No,No,Yes,No,No,No,Yes
Uma ferramenta de apoio ao registro da interação humano-computador.,2000,Not Reported,No,Partially,No,No,No,No,No,,,,,,,,,,,,,,,,,,,,
A Utilização do ambiente POIROT como ferramenta de apoio ao método de avaliação.,2001,Others,No,No,No,No,No,No,No,,,,,,,,,,,,,,,,,,,,
Acessibilidade na internet para deficientes Visuais.,2001,Not Reported,Partially,Yes,No,No,No,No,Partially,,,,,,,,,,,,,,,,,,,,
Analyzing HCI in multiple environments: a case study.,2001,Case Study,Partially,Yes,No,No,Yes,Yes,Partially,Yes,Yes,Partially,No,Yes,No,No,No,No,No,No,Partially,No,No,Yes,No,No,No,No,No
Reengenharia de interfaces com realidade virtual considerando o paradigma de orientação a objetos.,2001,Case Study,No,No,No,No,No,No,No,,,,,,,,,,,,,,,,,,,,
Considering Human Factors in Workflow Development.,2002,Not Reported,No,No,No,No,No,No,No,,,,,,,,,,,,,,,,,,,,
Uso de agentes de interface para adequação de bate-papos ao contexto de educação a distância.,2002,Not Reported,No,No,No,No,No,No,No,,,,,,,,,,,,,,,,,,,,
Investigando Aspectos de Interação em Aplicações SIG na Web voltadas ao Domínio Agrícola.,2004,Others,Partially,Partially,No,No,Yes,Yes,No,,,,,,,,,,,,,,,,,,,,
Extreme designing: binding sketching to an in teraction model in a streamlined HCI design approach.,2006,Not Reported,No,No,No,No,No,No,No,,,,,,,,,,,,,,,,,,,,
Comparação entre os métodos de avaliação de base cognitiva e semiótica.,2006,Others,Partially,Yes,No,No,Yes,Yes,Yes,Yes,Yes,Partially,No,Yes,No,No,Partially,No,Yes,No,No,No,No,No,No,No,No,No,No
Avaliação de ferramentas de busca na web baseadas em visualização de informaçães.,2006,Others,Partially,Yes,No,No,Yes,Yes,Yes,Yes,Yes,Partially,No,Yes,Yes,Yes,Yes,Yes,Yes,Yes,No,No,No,Yes,No,No,No,No,Yes
Definindo uma proposta para avaliações de usabilidade de aplicações para o sistema brasileiro de TV digital.,2008,Case Study,Partially,Partially,No,No,Partially,No,No,,,,,,,,,,,,,,,,,,,,
Enhancing interaction and collaboration in multimedia rooms with multilayered annotations and telepointers.,2008,Not Reported,Partially,Yes,No,No,Partially,No,Partially,,,,,,,,,,,,,,,,,,,,
Reconstruindo o diálogo em sistemas de ajuda,2010,Others,Partially,Yes,Yes,No,Partially,Yes,Partially,Yes,Yes,Partially,Yes,Yes,No,No,No,No,No,No,No,No,No,Yes,No,No,No,No,No
Softwares sociais: uma visão orientada a valores,2010,Others,No,Partially,No,No,No,No,No,,,,,,,,,,,,,,,,,,,,
Um sistema de interação baseado em gestos manuais tridimensionais para ambientes virtuais,2010,Others,Partially,Yes,No,No,Yes,Yes,Partially,Yes,Yes,Yes,No,Yes,No,No,No,Yes,Yes,No,No,No,No,No,Yes,No,No,No,Yes
Multidirectional Knowledge Extraction Process for Creating Behavioral Personas.,2011,Others,No,Yes,No,No,Yes,Yes,No,,,,,,,,,,,,,,,,,,,,
Um modelo de avaliação da usabilidade baseado na captura automática de dados de interação do usuário em ambientes reais.,2011,Others,Partially,Partially,No,No,No,No,No,,,,,,,,,,,,,,,,,,,,
Using and utilizing an innovative media development tool.,2011,Others,No,Partially,No,No,Partially,No,No,,,,,,,,,,,,,,,,,,,,
"Uma Estratégia para Análise da Adoção de Sistemas Colaborativos Baseada nas Relações entre Experiências de Usuário, Tecnologia e Marketing.",2011,Others,No,Partially,No,No,Partially,No,No,,,,,,,,,,,,,,,,,,,,
Comunicabilidade em sistemas de informação web corporativos: analisando a interação de surdos bilíngues.,2012,Others,Partially,Yes,No,Yes,Yes,Yes,Partially,Yes,Yes,No,Yes,Yes,No,No,No,No,Yes,No,No,No,No,No,Yes,No,No,No,No
Estudo e relato sobre a utilização da tecnologia pelos deficientes visuais.,2012,Others,Partially,Yes,No,Yes,Partially,Yes,Yes,No,Yes,No,No,Yes,No,No,No,Yes,Yes,No,Partially,Partially,Yes,Yes,No,No,No,No,Yes
Uso do MIS para avaliar signos sonoros: quando um problema de comunicabilidade se torna um problema de acessibilidade.,2012,Case Study,Partially,Yes,No,No,Partially,Yes,Partially,Yes,Yes,Partially,No,Yes,No,No,No,No,No,No,No,No,No,No,No,No,No,No,No
Documentation comes to life in computational thinking acquisition with agentsheets.,2012,Not Reported,Partially,Yes,Yes,No,Partially,No,Partially,,,,,,,,,,,,,,,,,,,,
Can the teaching of HCI contribute for the learning of computer science the case of semiotic engineering methods.,2012,Others,Partially,Yes,No,No,Yes,Yes,Partially,Yes,Yes,Yes,No,Yes,No,No,No,No,Yes,No,No,Partially,No,No,Yes,No,No,Yes,No
Antecipando possíveis implicações de privacidade na postagem de fotos no Facebook.,2013,Others,Yes,Yes,Partially,No,Yes,Yes,Yes,Yes,Yes,No,Yes,Yes,No,No,No,No,Yes,No,Yes,No,No,No,No,Yes,Yes,Yes,No
Caracterização qualitativa da sociabilidade no Facebook.,2013,Not Reported,Yes,Yes,No,No,Yes,Yes,Yes,Yes,Yes,Partially,No,Yes,No,No,No,No,No,No,Yes,No,No,No,No,No,No,Yes,No
Novas estratégias comunicativas como fator de qualidade na interação de surdos em um sistema organizacional.,2013,Others,Partially,Yes,Yes,No,Yes,Yes,Partially,Yes,Yes,No,Yes,Yes,No,No,No,No,Yes,No,No,No,No,No,No,No,Yes,Yes,No
O acesso dos analfabetos funcionais ao conteúdo informacional dos sites governamentais brasileiros.,2013,Others,Partially,Yes,No,No,Yes,Yes,Partially,Yes,Yes,Partially,No,Yes,No,No,No,Yes,Yes,No,No,No,No,No,No,No,No,No,No
Critérios para avaliação de sistemas gerenciadores de conteúdo com enfoque no desenvolvimento de websites acessíveis: um estudo experimental.,2014,Experiment,Partially,Yes,Yes,No,Yes,Yes,Yes,Yes,Yes,Yes,No,Yes,Yes,Yes,Yes,Yes,Yes,No,No,No,No,Yes,No,No,No,No,Yes
Design da informação para sistemas de realidade mediada.,2014,Case Study,Partially,Partially,No,No,No,No,No,,,,,,,,,,,,,,,,,,,,
Migration paths of the brazilian HCI community,2015,Survey,Yes,Yes,Partially,No,Yes,Yes,Yes,Yes,Yes,Partially,No,Yes,No,No,No,No,No,No,Partially,No,No,No,No,Yes,Yes,Yes,No
Which color should i pick?: a study on colors and emotions in human-computer interaction,2015,Systematic Review,Yes,Yes,Yes,No,Yes,Yes,Yes,No,Yes,Partially,No,Yes,No,No,No,No,No,No,Yes,Yes,Yes,No,No,No,No,No,No
User interface design of an immersive virtual reality environment to electricians training,2015,Case Study,Partially,Yes,No,Yes,Yes,Yes,Partially,Yes,Yes,No,Yes,Yes,No,No,No,Yes,Yes,No,No,No,No,No,No,Yes,Yes,Yes,Yes
EEG wave analysis and its application in assistive technologies context for environment control,2015,Not Reported,Partially,Yes,No,No,Yes,Yes,Partially,Yes,Partially,No,No,Yes,No,No,No,No,No,No,No,No,No,No,No,No,No,No,No
Computational thinking through children’s games: an analysis of interaction elements,2015,Others,Partially,Yes,No,No,Yes,No,Partially,,,,,,,,,,,,,,,,,,,,
A study about psychophysiological measures in user experience monitoring and evaluation .,2016,Not Reported,Partially,Partially,Partially,No,Yes,No,Yes,,,,,,,,,,,,,,,,,,,,
"Evaluation by Inspection: Comparing Methods of Practical, Cognitive and Semiotic Basis .",2016,Others,Partially,Partially,No,No,Yes,No,Partially,,,,,,,,,,,,,,,,,,,,
 Interface to support caregivers in daily record and information visualization of patients with dementia .,2016,Others,Partially,Partially,No,No,Yes,Yes,Partially,Yes,Yes,Partially,No,Yes,No,No,No,No,Yes,No,No,No,No,No,No,No,No,No,No
 Um estudo exploratório comparativo sobre adaptação web móvel em frameworks front-end na perspectiva dos usuários finais,2016,Others,Yes,Yes,Yes,Yes,Yes,Yes,Yes,Yes,Yes,Partially,Yes,Yes,Yes,Yes,No,Yes,Yes,No,Yes,No,No,Yes,No,No,No,No,Yes
 Accessibility and affect in technologies for museums: a path towards socio-enactive systems,2017,Not Reported,No,No,No,No,No,No,No,,,,,,,,,,,,,,,,,,,,
 Writing Towards Promoting the Empowerment of Persons With Disabilities in Digital Inclusion Texts,2017,Not Reported,No,No,No,No,No,No,No,,,,,,,,,,,,,,,,,,,,
 Designing for Pragmatists and Fundamentalists: Privacy Concerns and Attitudes on the Internet of Things,2017,Survey,Yes,Yes,Yes,Yes,Yes,Yes,Yes,Yes,Yes,No,No,Yes,No,No,No,Yes,Yes,No,Yes,No,No,No,No,Yes,Yes,Yes,Yes
 A Proposal of a Universal Remote Control System Based on Head Movements,2017,Not Reported,No,Partially,No,No,Yes,Yes,No,,,,,,,,,,,,,,,,,,,,
 Beyond traditional evaluations: user’s view in app stores,2017,Not Reported,Partially,Yes,No,No,Partially,Yes,Yes,Yes,Yes,Partially,No,Yes,No,No,No,Yes,No,No,No,No,No,Yes,No,No,No,No,No
 Exploring the Communication of Cultural Perspectives in Death-Related Interactive Systems,2017,Not Reported,Partially,Yes,No,No,No,Yes,Partially,,,,,,,,,,,,,,,,,,,,
 Including older adults into the design process: challenges and lessons learned,2017,Not Reported,Yes,Yes,Partially,No,No,No,Yes,,,,,,,,,,,,,,,,,,,,
 An Interaction Design Method for Creative Conceptual Models’ Design,2017,Not Reported,No,No,No,No,No,No,No,,,,,,,,,,,,,,,,,,,,
"Analysis, Redesign and Validation of Accessibility Resources Applied to an Official Electronic Journal for the Promotion of Equal Access to Public Acts",2018,Not Reported,No,Yes,No,No,Partially,Yes,No,,,,,,,,,,,,,,,,,,,,
CoDesign in the Exploratory Phase of an Assistive Technology product Design to support the Teaching-Learning Process of Brazilian-Portuguese Language for Visual Persons,2018,Not Reported,No,Yes,No,No,No,Yes,No,,,,,,,,,,,,,,,,,,,,
Context-Aware Task Distribution for Mobile Crowdsourcing,2018,Case Study,Partially,Yes,No,No,Yes,Yes,Partially,Yes,Yes,Yes,No,Yes,No,No,No,Yes,Yes,No,No,No,Yes,Yes,No,Yes,Yes,Yes,No
Creating Personas focused on Representing Potential Requirements to Support the Design of Applications,2018,Not Reported,Partially,Yes,No,No,Yes,No,Partially,,,,,,,,,,,,,,,,,,,,
Observed Appropriation of IoT Technology: A Semiotic Account,2018,Not Reported,Partially,Partially,Yes,No,Partially,Yes,Partially,Yes,Yes,No,No,Yes,No,No,No,No,No,No,No,No,No,No,No,No,No,No,No
The Brazilian Challenge to Accessibility and Digital Inclusion for People With Autistic Spectrum Disorders,2018,Systematic Review,Yes,Yes,No,No,Yes,Yes,Yes,No,Yes,No,No,Yes,No,No,No,No,No,No,Yes,Yes,Yes,Yes,No,No,No,No,No
Usability Considerations For Coercion-Resistant Election Systems,2018,Others,Partially,Partially,No,No,No,No,Partially,,,,,,,,,,,,,,,,,,,,
Investigating treemap visualization in inverted scale,2015,Others,Yes,Yes,Partially,Yes,Partially,Yes,Yes,Yes,Yes,Partially,Yes,Yes,Yes,Yes,Yes,Yes,Yes,Yes,No,No,No,No,Yes,No,No,No,No
The value of values for HCI: an informed discussion beyond philosophy,2015,Others,No,No,No,No,No,No,No,,,,,,,,,,,,,,,,,,,,
The Bifocal Tree: a Technique for the Visualization of Hierarchical Information Structures.,2002,Experiment,Yes,Partially,No,No,Partially,Yes,Yes,Yes,No,No,No,Yes,Yes,No,No,No,No,No,No,No,No,No,No,No,No,No,No
Considerações sobre Aplicação do Método de Avaliação de Comunicabilidade ao domínio educacional,2010,Case Study,Partially,Yes,No,No,Partially,Yes,Yes,Yes,Yes,Yes,Yes,Yes,No,No,No,No,No,No,No,No,No,No,No,No,No,No,No
Gesture and Voice-Based Natural User Interface for Electronic Whiteboard System in a Medical Emergency Department,2017,Experiment,Yes,Yes,No,No,Partially,Yes,Yes,Yes,Yes,Yes,Yes,Yes,No,No,No,Yes,Yes,No,No,No,No,No,Yes,No,No,No,No
Modelagem do conhecimento ergonômico para avaliação da usabilidade de objetos de interação.,2000,Others,No,No,No,No,No,No,No,,,,,,,,,,,,,,,,,,,,
Definición de un Marco de Desarrollo de Sistemas Interactivos Usables: a partir de la integración de CIAF y MPIua.,2011,Others,No,Partially,No,No,No,No,No,,,,,,,,,,,,,,,,,,,,
Um modelo conceitual para programação por usuários finais.,2001,Others,No,No,No,No,No,No,No,,,,,,,,,,,,,,,,,,,,
Characterizing gamification strategies in educational mobile applications: a case study of duolingo,2015,Case Study,Yes,Yes,No,No,Yes,Yes,Yes,Yes,Yes,Partially,Yes,Yes,No,No,No,Yes,Yes,No,No,No,No,No,Yes,No,No,Yes,No
Intellectus: software to support assessments based on neurophysiological measures,2015,Experiment,No,Yes,Partially,No,Partially,Yes,Yes,,,,,,,,,,,,,,,,,,,,
USABILICS: avaliação remota de usabilidade e métricas baseadas na análise de tarefas.,2011,Experiment,Yes,Yes,No,No,Partially,Yes,Yes,Yes,No,No,No,Yes,No,No,No,No,Yes,No,No,No,No,No,No,No,No,Yes,No
"The Interplay of Aesthetics, Usability and Credibility in Mobile Websites and the Moderation by Culture .",2016,Survey,Yes,Yes,No,No,Yes,Yes,Yes,Yes,Partially,Partially,Yes,Yes,Yes,Yes,Yes,Yes,Yes,No,No,No,No,No,Yes,No,No,Yes,No
Considerações sobre uso de cores em interfaces www.,2000,Others,No,No,No,No,No,No,No,,,,,,,,,,,,,,,,,,,,
Avaliando a meta-comunicação designer-usuário de interface.,2000,Others,No,No,No,No,No,No,No,,,,,,,,,,,,,,,,,,,,
Como conhecer usuários através do Método de Explicitação do Discurso Subjacente (MEDS).,2004,Others,No,No,No,No,No,No,No,,,,,,,,,,,,,,,,,,,,
Biomechanical Analysis of the User’s Movements during Tactile Interaction: Postures of Older Aged Users’ Wrists,2017,Experiment,Yes,Partially,No,No,Yes,Yes,Yes,No,No,No,No,Yes,No,No,No,Yes,Yes,No,No,No,No,No,No,No,No,No,No
Interactive Analysis of Likert Scale Data using a Multichart Visualization Tool.,2011,Case Study,Yes,Partially,No,No,Partially,Yes,Yes,Yes,No,Partially,No,Yes,Yes,Yes,No,No,No,No,No,No,No,No,No,No,No,No,No
Using Information Visualization to comprehend user interface layer: an application to web-based systems,2017,Experiment,Yes,Yes,Yes,Yes,Yes,Yes,Yes,Yes,No,Partially,No,Yes,Yes,Yes,Yes,Yes,Yes,Yes,No,No,No,No,No,No,No,No,No
Definindo uma abordagem para inspeção de usabilidade em modelos de projeto por meio de experimentação.,2012,Experiment,Yes,Yes,Yes,No,Yes,Yes,Yes,Yes,Partially,No,Yes,Yes,No,No,No,Yes,Yes,No,No,No,No,No,No,No,No,No,No
Suggestions for Interface Design Using Head Tracking and Voice Commands .,2016,Experiment,Yes,No,No,Yes,Yes,Yes,Yes,,,,,,,,,,,,,,,,,,,,
How computers can help teachers to produce cultural sensitive web-based learning material.,2008,Others,Yes,No,No,Yes,Yes,Yes,Yes,,,,,,,,,,,,,,,,,,,,
Projeto Granel – Investigando possibilidades da abordagem semiótica em design de interfaces.,1999,Others,No,Partially,No,No,Partially,Yes,No,,,,,,,,,,,,,,,,,,,,
Towards design guidelines for software applications that collect user data for Ubicomp.,2014,Others,No,Partially,No,No,Partially,No,No,,,,,,,,,,,,,,,,,,,,
Design of a Brazilian Portuguese virtual keyboard for people with severe motor disability.,2014,Experiment,Yes,No,No,Yes,Yes,Yes,Yes,,,,,,,,,,,,,,,,,,,,
Energy consumption awareness in the workplace: technical artefacts and practices.,2014,Others,Partially,Partially,No,No,Partially,Yes,No,,,,,,,,,,,,,,,,,,,,
"The Tyrants, Heroes and Victims Narrative in Accessibility Tracks Papers of the Brazilian Symposium on Human Factors in Computer Systems .",2016,Systematic Review,Yes,Yes,No,No,Yes,Yes,Yes,No,No,No,No,Yes,No,No,No,Yes,Yes,No,Partially,Yes,Yes,No,No,No,No,No,No
A large-scale analysis of the use of session in a mobile application .,2016,Experiment,Yes,Yes,No,No,Yes,Yes,Yes,No,Yes,No,Yes,No,No,No,Yes,Yes,Yes,No,No,No,No,No,No,No,No,No,No
BuscaSigno: a construção de uma interface computacional para o acesso ao léxico da língua de sinais Brasileira.,2006,Experiment,No,No,No,No,No,No,No,,,,,,,,,,,,,,,,,,,,
Uma linguagem de especificação para a Engenharia Semiótica de interfaces de usuário.,1999,Others,No,No,No,No,No,No,No,,,,,,,,,,,,,,,,,,,,
Prototipação de interfaces de aplicativos para dispositivos móveis: estado da arte e desafios de IHC.,2012,Case Study,No,Partially,No,No,Partially,No,Partially,,,,,,,,,,,,,,,,,,,,
A Visualization-based Approach for the TaxonomyBrowser Interface,2017,Survey,Yes,Yes,No,No,Yes,Yes,Yes,Yes,No,No,No,Yes,No,No,No,Yes,No,No,No,No,No,No,Yes,Yes,No,Yes,Yes
How much effort is necessary for blind users to read web-based mathematical formulae? A comparison using task models with different screen readers,2017,Others,Yes,Partially,No,No,Partially,Yes,Yes,Yes,No,No,No,Yes,No,No,Partially,Yes,No,No,No,No,No,No,No,No,No,Yes,No
"Interação em ambientes virtuais: um modelo conceitual, princípios e método de design.",2000,Others,No,No,No,No,No,No,No,,,,,,,,,,,,,,,,,,,,
The role of designer-generated scenarios in developing web applications: a case study.,2000,Case Study,Yes,Partially,No,No,Partially,No,No,,,,,,,,,,,,,,,,,,,,
"Mine, yours, ours: examples reuse and the self-expression of programming students",2015,Others,Yes,Yes,No,No,Partially,Yes,Yes,Yes,Partially,Partially,Yes,Yes,No,No,No,Yes,No,No,No,No,No,No,No,Yes,No,No,No
Estudo comparativo entre técnicas de inspeção de usabilidade sobre diagramas de atividades.,2013,Experiment,Yes,Yes,Yes,No,Yes,Yes,Partially,Yes,No,No,No,Yes,No,No,No,Yes,Yes,No,No,No,No,No,No,No,No,No,No
TangiSAM: Tangible Artifacts for Evaluation of Affective States,2017,Others,Yes,Partially,No,Yes,Partially,Yes,Yes,No,Partially,No,Partially,Yes,No,No,No,No,Yes,No,No,No,No,No,No,No,No,No,No
A Scenario-Based Approach for Checking Consistency in User Interface Design Artifacts,2017,Case Study,No,No,No,No,No,Yes,Partially,,,,,,,,,,,,,,,,,,,,
Widgets Internship: Developing Learners Skills in a User-Centered Development Process.,2011,Others,Yes,Yes,No,No,Partially,Yes,Yes,Yes,Partially,Partially,No,Yes,No,No,No,Yes,No,No,No,No,No,No,No,No,No,No,No
A Systematic Mapping Study on Research Contributions on UX Evaluation Technologies,2018,Systematic Review,Yes,Yes,No,No,Yes,Yes,Yes,No,No,No,No,Yes,No,No,No,No,Yes,No,Partially,Yes,Yes,No,No,No,No,No,No
Interaction design process for healthcare professionals: formalizing user’s contexts observations,2015,Experiment,No,Partially,No,No,Partially,No,Yes,,,,,,,,,,,,,,,,,,,,
"Supporting people on fighting lesbian, gay, bisexual, and transgender (LGBT) prejudice: a critical codesign process",2017,Others,Yes,Yes,No,No,Partially,Yes,Yes,Yes,No,Partially,Yes,Yes,No,No,No,No,Yes,No,Partially,No,Yes,No,No,No,No,No,No
Teacher’s presence mediated by virtual learning environment interfaces: evidences of the Self.,2014,Case Study,Yes,Partially,No,No,Partially,Yes,Yes,Yes,No,Partially,No,Yes,No,No,No,No,No,No,No,No,No,No,No,No,No,No,No
"On-the-fly Prototyping: Designing, Testing, and Evolving an Interactive Public Installation in Loco",2017,Case Study,Yes,Partially,Partially,Yes,Yes,Yes,Partially,Yes,Yes,Partially,No,Yes,No,No,No,Yes,No,No,No,No,No,No,No,No,No,Yes,No
A percepção dos usuários sobre a utilização da análise de sentimentos como apoio à seleção de notícias.,2014,Others,Yes,Yes,No,No,Yes,Yes,Yes,No,No,No,Yes,Yes,No,No,No,Yes,Yes,No,No,No,No,No,No,Yes,No,No,No
Artefatos físicos de interação com a TVDI: desafios e diretrizes para o cenário brasileiro.,2008,Others,No,No,No,No,No,No,No,,,,,,,,,,,,,,,,,,,,
Semiotic considerations on direct concept manipulation as a distinct interface style for learnware.,2001,Others,No,No,No,No,No,No,No,,,,,,,,,,,,,,,,,,,,
"Watch or Immerse? Redefining Your Role in Big Shows
",2018,Case Study,Yes,Yes,No,Yes,Yes,Yes,Yes,Yes,No,Yes,No,Yes,No,No,No,No,Yes,No,No,No,No,No,No,No,No,No,No
Two HCI Communities in Perspective: Revealing and Contrasting Trends,2018,Others,No,No,No,No,No,No,No,,,,,,,,,,,,,,,,,,,,
Developer Assistance Tools for Creating Native Mobile Applications Accessible to Visually Impaired People: A Systematic Review,2018,Systematic Review,Yes,Partially,No,No,Partially,Yes,Yes,Yes,No,No,No,No,No,No,No,No,No,No,Yes,Yes,Yes,No,No,No,No,No,No
Considering the Diversity of Users in the Development of a Flexible Bus Stop,2018,Survey,Yes,Yes,No,No,Partially,Yes,Yes,Yes,Yes,No,Yes,Yes,No,No,No,Yes,Yes,No,No,No,No,No,Yes,Yes,No,Yes,No
"Analyzing User Experience in Mobile Web, Native and Progressive Web Applications: A User and HCI Specialist Perspectives",2018,Experiment,Yes,Yes,Yes,Yes,Partially,Yes,Yes,Yes,Yes,Partially,Yes,Yes,No,No,No,Yes,No,No,No,No,No,No,No,Yes,No,Yes,No
CDNA: A Context-Aware Notification System for Driver Interruption,2018,Experiment,Yes,Partially,No,No,No,Yes,Yes,,,,,,,,,,,,,,,,,,,,
A Study of Hedonic Experience Related to UX Capture Techniques,2018,Others,No,No,No,No,No,No,No,,,,,,,,,,,,,,,,,,,,
Native or Web-Hybrid Apps?: An Analysis of the Adequacy for Accessibility of Android Interface Components Used with Screen Readers,2017,Others,Yes,Partially,Partially,No,Partially,Yes,Yes,Yes,Partially,No,No,Yes,No,No,No,No,Yes,No,Partially,No,No,No,No,No,No,No,No
Evaluating the usability expressiveness of a USability-oriented INteraction and Navigation model,2017,Others,Yes,Yes,Partially,No,Partially,Yes,Yes,Yes,Yes,Partially,Yes,Yes,No,No,Partially,Yes,Yes,No,Partially,No,No,No,No,Yes,No,Yes,No
 Accessible smart cities? Inspecting the accessibility of Brazilian municipalities’ mobile applications,2016,Others,Yes,Partially,Partially,No,Partially,Yes,Partially,Yes,No,No,No,Yes,No,No,Partially,No,Yes,No,Partially,No,No,No,No,No,No,No,No
 WhatsApp accessibility from the perspective of visually impaired people ,2016,Case Study,Yes,Yes,Partially,Yes,Partially,No,Yes,,,,,,,,,,,,,,,,,,,,
 Analysis of Configuration Decision Space Over Time: The Google Inactive Manager Account Case ,2016,Case Study,Partially,Partially,No,No,No,No,Partially,,,,,,,,,,,,,,,,,,,,
 Self-knowledge: reflecting on the influence of IHC publications on its own event ,2016,Systematic Review,Yes,Yes,Partially,No,Yes,Yes,Yes,Yes,No,No,No,Yes,No,No,Partially,No,Yes,No,Yes,Partially,Yes,Yes,No,No,No,Yes,Yes
 Distributed Participatory Design web-based groupware: gathering requirements through BrainDraw .,2016,Others,Partially,Yes,Partially,No,Partially,No,Partially,,,,,,,,,,,,,,,,,,,,
 Emotional Experience of older adults with Digital Games for Smartphones – the case study of the Brazilian game Traveling the World .,2016,Case Study,Yes,Yes,Partially,No,Partially,Yes,Yes,Yes,Partially,Yes,Yes,Yes,No,No,Partially,No,Yes,No,Yes,Partially,No,No,Yes,Yes,No,Yes,Yes
 Prominent issues for privacy establishment in privacy policies of mobile apps .,2016,Others,No,No,No,No,No,No,No,,,,,,,,,,,,,,,,,,,,
 Research trends in HCI in Brazil: An Analysis in Relation to the GranDIHC-Br ,2016,Systematic Review,Yes,Yes,Partially,No,Yes,Yes,Yes,Yes,No,No,No,Yes,No,No,Partially,Yes,Yes,No,Yes,Yes,Yes,Yes,No,No,No,No,No
 Designing interaction and collaboration in active learning systems,2015,Case Study,Partially,Partially,Partially,No,Partially,No,Partially,,,,,,,,,,,,,,,,,,,,
 Identifying cognitive authority in social networks: a conceptual framework,2015,Others,Partially,Yes,Yes,No,Partially,Yes,Yes,Yes,Yes,No,Yes,Yes,Yes,Yes,Partially,Yes,Yes,No,Partially,No,No,No,No,Yes,No,Yes,No
 A study of elderly users’ interaction with Facebook on mobile devices: identification and definition of the personas,2015,Survey,Partially,Partially,Partially,No,Partially,Yes,Partially,Yes,Partially,Yes,Yes,Yes,Yes,Yes,Partially,Yes,No,No,Partially,No,No,No,Yes,Yes,No,Yes,Yes
 A model to support designers of collaborative systems in anticipating scenarios,2015,Others,Yes,No,No,No,No,No,No,,,,,,,,,,,,,,,,,,,,
" Estudo comparativo entre diagrama de atividade e análise hierárquica de tarefas: uma análise da facilidade de modelagem 
e compreensão. ",2014,Others,Yes,Yes,Yes,No,Partially,Yes,Yes,Yes,Yes,Partially,Yes,Yes,No,No,Partially,No,Yes,Yes,Partially,No,No,No,No,Yes,No,No,No
 Design de aplicações para interação em espaços públicos: formalizando as lições aprendidas.,2014,Experiment,Partially,Yes,Partially,No,Partially,No,Yes,,,,,,,,,,,,,,,,,,,,
 Recomendações para desenvolvimento de interfaces web em tablet ipad com ênfase em usuários da terceira idade.,2014,Case Study,Partially,Yes,Partially,Yes,Yes,Yes,Partially,Yes,Partially,Yes,No,Yes,No,No,No,No,Yes,No,Partially,No,No,No,No,No,No,No,No
 Recomendações para o design de memórias digitais na web social.,2014,Others,Partially,Partially,No,No,No,No,No,,,,,,,,,,,,,,,,,,,,
Going back and forth in metacommunication threads.,2013,Others,Yes,Partially,Partially,No,Partially,No,Partially,,,,,,,,,,,,,,,,,,,,
Sistemas ubíquos para todos: conhecendo e mapeando os diferentes perfis de interação.,2013,Others,Yes,Yes,No,No,Partially,No,Partially,,,,,,,,,,,,,,,,,,,,
The user’s and the designer’s role and the aesthetic experience of generative literature.,2013,Others,Yes,Yes,Partially,Yes,Partially,No,Yes,,,,,,,,,,,,,,,,,,,,
Redes sociais online orientadas à difusão de inovações como suporte à comunicação sustentável nas organizações.,2012,Others,No,Partially,No,No,No,No,Partially,,,,,,,,,,,,,,,,,,,,
Timelines as mediators of lifelong learning processes.,2012,Others,Yes,Partially,No,No,Partially,No,Yes,,,,,,,,,,,,,,,,,,,,
Prototipação de interfaces tangíveis de produtos interativos: estado da arte e desafios da plataforma arduino.,2012,Case Study,Yes,Partially,No,No,No,No,Partially,,,,,,,,,,,,,,,,,,,,
Applicability of the Semiotic Inspection Method: a systematic literature review.,2011,Systematic Review,Yes,Yes,Partially,No,Partially,Yes,Yes,Yes,No,No,No,Yes,No,No,No,No,Yes,No,Yes,Yes,Yes,Yes,No,No,No,No,No
Speak up your mind: Using speech to capture innovative ideas on interactive surfaces.,2011,Others,Partially,Partially,No,No,Partially,No,Partially,,,,,,,,,,,,,,,,,,,,
Accessibility for People with Cerebral Palsy: The Use of Blogs as an Agent of Social Inclusion.,2011,Others,No,Partially,Partially,Yes,Yes,No,No,,,,,,,,,,,,,,,,,,,,
Evaluation of Web Accessibility from the Perspective of Functional Illiteracy.,2011,Others,Partially,Partially,Partially,Yes,Partially,Yes,Yes,Yes,Partially,Yes,Yes,Yes,No,No,Partially,No,Yes,No,Yes,Partially,No,No,No,Yes,No,No,No
“Eu também quero jogar!” – reavaliando as práticas e diretrizes de acessibilidade em jogos.,2011,Others,Partially,Partially,No,No,No,Yes,Partially,,,,,,,,,,,,,,,,,,,,
Avaliação do uso da manas como ferramenta epistêmica no projeto de sistemas colaborativos,2010,Others,No,Partially,No,No,Partially,No,Partially,,,,,,,,,,,,,,,,,,,,
"FAVIHC – framework de avaliação da interação Humano Computador, estudo de caso na televisão digital",2010,Case Study,Yes,Yes,No,No,Partially,Yes,Partially,Yes,No,Yes,No,Yes,No,No,No,No,No,No,Yes,No,No,Yes,No,Yes,No,No,No
Interação com conteúdo complementar para apoio ao entendimento de programas televisivos,2010,Case Study,Yes,Yes,Partially,No,Partially,Yes,Yes,Yes,Yes,Yes,No,Yes,Yes,Yes,No,No,Yes,No,Partially,No,No,No,No,Yes,No,Yes,No
Considerações sobre apresentação de informações de contexto em interfaces com o usuário.,2008,Case Study,Partially,Partially,No,No,Partially,No,Partially,,,,,,,,,,,,,,,,,,,,
Montando questionários para medir a satisfação do usuário: avaliação de interface de um sistema que utiliza técnicas de recuperação de imagens por conteúdo.,2008,Survey,Yes,Partially,Partially,Yes,Partially,Yes,Yes,No,No,Yes,No,Yes,No,No,No,No,Yes,No,Partially,No,No,No,Yes,Yes,Yes,Yes,No
Personalization in e-learning: the adaptive system vs. the intelligent agent approaches.,2008,Others,Partially,No,No,No,Partially,No,Partially,,,,,,,,,,,,,,,,,,,,
Um prospecto de sistemas colaborativos: modelos e frameworks.,2008,Systematic Review,Partially,No,No,No,No,Yes,Partially,,,,,,,,,,,,,,,,,,,,
Uma estratégia de apoio à institucionalização da usabilidade em ambientes de desenvolvimento ágil.,2008,Case Study,Yes,Partially,Partially,Yes,Partially,No,Yes,,,,,,,,,,,,,,,,,,,,
Desenvolvimento de interfaces multimodais a partir da integração de comandos vocais à interface gráfica.,2006,Case Study,No,Partially,No,No,Partially,No,Partially,,,,,,,,,,,,,,,,,,,,
Evaluating the impact of different virtual characters in product recommendations.,2006,Experiment,Yes,Yes,Partially,No,Partially,Yes,Yes,Yes,Partially,No,No,Yes,No,No,Yes,Yes,Yes,No,Partially,No,No,No,No,Yes,No,Yes,Yes
Human error simulation as an aid to HCI design for critical systems.,2006,Others,Yes,No,No,No,Partially,No,No,,,,,,,,,,,,,,,,,,,,
Using IMML and XICL components to develop multi-device web-based user interfaces.,2006,Others,Partially,Partially,No,No,Partially,No,Partially,,,,,,,,,,,,,,,,,,,,
The semiotic inspection method.,2006,Others,No,No,No,No,Partially,No,No,,,,,,,,,,,,,,,,,,,,
Ferramentas para Apoio à Construção de Sistemas de Ajuda Online.,2004,Others,Partially,Partially,No,No,No,No,Partially,,,,,,,,,,,,,,,,,,,,
"Inserindo IHC em Empresas Brasileiras de Informática: Relato, Discussão e Lições Aprendidas.",2004,Others,No,No,No,No,Partially,No,No,,,,,,,,,,,,,,,,,,,,
TFlex: Um Simulador de Teclado com Múltiplos Modos de Varredura.,2004,Others,Partially,Partially,Partially,No,Partially,Yes,Partially,No,Partially,No,No,Yes,No,No,Partially,No,Yes,No,Partially,No,No,No,No,No,No,Yes,No
Um Método de Avaliação para Interfaces Baseadas em Mapas.,2004,Case Study,Yes,Partially,No,No,No,No,Partially,,,,,,,,,,,,,,,,,,,,
Uso de Agentes de Interface no Suporte à Análise de Sessões de Bate-Papo.,2002,Others,Partially,No,No,No,No,No,Partially,,,,,,,,,,,,,,,,,,,,
A (in)acessibilidade de sites governamentais.,2002,Others,Partially,Partially,Partially,No,Partially,Yes,Partially,Yes,No,No,No,Yes,No,No,No,No,No,No,No,No,No,No,No,No,No,No,No
Proposta e validação de método para estudo da percepção de signos por sujeitos inseridos em diferentes meios culturais.,2001,Case Study,Partially,Partially,Partially,No,Partially,Yes,Partially,Yes,Yes,No,No,Yes,No,No,Yes,Yes,No,No,No,No,No,No,No,No,No,Yes,No
Integrando fatores humanos no processo de desenvolvimento de interfaces homem-computador adaptativas.,1999,Others,No,No,No,No,No,No,No,,,,,,,,,,,,,,,,,,,,
Uma proposta de interface de software orientada à linguagem de sinais.,1998,Others,No,No,No,No,No,No,No,,,,,,,,,,,,,,,,,,,,
Uma ferramenta baseada em tabelas UAN para apoio à modelagem de interfaces.,1998,Others,No,No,No,No,No,No,No,,,,,,,,,,,,,,,,,,,,
Uma abordagem ergonômica para o desenvolvimento de sistemas interativos.,1998,Others,No,No,No,No,No,No,No,,,,,,,,,,,,,,,,,,,,
Privacy: What is the Research Scenario in Brazilian Symposium IHC?,2018,Systematic Review,Yes,Yes,Partially,No,Partially,Yes,Yes,Yes,No,No,No,Yes,No,No,Partially,No,No,No,Yes,Yes,Yes,Yes,No,No,No,No,No
Revisiting Interactive Art from an Interaction Design Perspective: Opening a Research Agenda,2018,Others,Yes,No,No,No,Partially,Yes,Partially,,,,,,,,,,,,,,,,,,,,
Mobile Application Accessibility in the Context of Visually Impaired Users,2018,Case Study,Yes,Yes,Yes,Yes,Partially,Yes,Yes,Yes,Yes,Yes,Yes,Yes,No,No,Partially,No,No,No,Partially,No,No,No,No,No,No,Yes,No
Intermediated Semiotic Inspection Method,2018,Case Study,Yes,Partially,Partially,No,Partially,Yes,Yes,Yes,No,No,No,Yes,No,No,No,No,No,No,Partially,Partially,No,Yes,No,No,No,No,No
Investigating the Influence of Subtitles Synchronization in the Viewer's Quality of Experience,2018,Experiment,Yes,Yes,Partially,Yes,Partially,Yes,Yes,Yes,Partially,Yes,Yes,Yes,Yes,Yes,Yes,Yes,Yes,Yes,Partially,No,No,No,Yes,No,No,Yes,Yes
Evaluating Usability of IFML Models: How Usability is Perceived and Propagated,2018,Others,Yes,Yes,Partially,No,Partially,No,Partially,,,,,,,,,,,,,,,,,,,,
A Systematic Literature Review on User Centered Design and Participatory Design with older people,2019,Systematic Review,Yes,Yes,No,No,Partially,Yes,Yes,Yes,Yes,No,No,No,No,No,No,No,No,No,Yes,Yes,Yes,Yes,No,No,No,No,No
Using Cultural Viewpoint Metaphors in the Analysis of Computational Thinking Teaching,2019,Not Reported,Partially,Yes,No,No,Partially,Yes,Partially,Yes,Yes,No,No,No,No,No,No,Yes,No,No,Partially,Yes,Yes,No,No,No,No,No,No
Talking about Digital Immortality: A value-oriented discussion,2019,Not Reported,Partially,Yes,No,No,Partially,Yes,Yes,No,Yes,No,Yes,No,No,No,No,Yes,Yes,No,Partially,No,No,No,No,No,No,No,No
How to develop accessible web interfaces for deaf people?,2019,Others,Yes,Yes,No,No,Partially,Yes,Yes,No,Yes,No,No,No,No,No,No,Yes,No,No,Yes,Yes,Yes,No,No,No,No,No,No
Creating Chatbots to talk with humans: HCI evaluations and perspectives,2019,Experiment,Yes,Yes,No,No,Partially,Yes,Partially,Partially,Yes,No,Yes,No,No,No,No,No,No,No,Yes,No,No,No,No,Yes,Yes,No,No
QUIMIVOX MOBILE 2.0: Application for Helping Visually Impaired People in Learning Periodic Table and Electron Configuration,2019,Not Reported,Partially,Partially,No,Yes,Partially,Yes,No,No,No,No,Yes,Yes,No,No,No,No,No,No,No,No,No,No,No,Yes,No,No,No
Temporal Analysis of Posts Related to Use: Case Study of Use of an Academic Management System,2019,Case Study,Yes,Yes,No,No,Yes,Yes,Yes,Yes,Yes,No,No,Yes,No,No,Yes,Yes,Yes,No,Yes,No,No,No,No,No,No,No,No
A Proposal to Adapt the Semiotic Inspection Method to Analyze Screen Reader Mediated Interaction,2019,Others,No,No,No,No,No,No,No,,,,,,,,,,,,,,,,,,,,
Personalized Interactive Gesture Recognition Assistive Technology,2019,Experiment,Partially,Yes,No,No,No,Yes,No,,,,,,,,,,,,,,,,,,,,
Collaborative teleoperation evaluation for drones,2019,Experiment,Partially,Yes,No,Yes,No,Yes,Yes,,,,,,,,,,,,,,,,,,,,
"Evaluating Alternative Interfaces Based on Puff, Electromyography and Dwell Time for Mouse Clicking",2019,Others,Partially,Yes,No,No,Partially,Yes,Partially,Yes,Yes,Partially,No,Yes,No,No,No,Yes,No,No,No,No,No,No,No,No,No,No,No
Open Design: A Systematic Mapping,2019,Systematic Review,Yes,Yes,No,No,Yes,Yes,Yes,No,No,No,No,No,No,No,No,No,No,No,Yes,Yes,Yes,No,No,No,No,No,No
Communicability Evaluation of Video-exam in Libras of the ENEM Platform,2019,Case Study,Partially,Partially,No,Yes,Partially,No,Yes,,,,,,,,,,,,,,,,,,,,
Evaluation of Augmented Reality SDKs for Classroom Teaching,2019,Experiment,Yes,Yes,No,No,Partially,Yes,Yes,Yes,No,No,No,No,No,No,No,Yes,No,No,No,No,No,No,No,No,No,No,No
Augmented Reality and Museum Accessibility: a case study to support hard of hearing people,2019,Case Study,Partially,Yes,No,Yes,Yes,Yes,No,,,,,,,,,,,,,,,,,,,,
Design and Evaluation of Mobile Applications for People with Visual Impairments: A Compilation of Usable Accessibility Guidelines,2019,Not Reported,Partially,Yes,No,No,Yes,Yes,No,,,,,,,,,,,,,,,,,,,,
Exploring how Expert and Novice Evaluators Perceive G4H to Consolidate Heuristic Evaluation,2019,Others,Yes,Yes,No,No,Yes,Yes,Yes,Yes,Yes,No,Partially,Yes,No,No,No,No,Yes,No,Partially,No,No,No,No,No,No,No,No
Investigating Google Dashboard’s Explainability to Support Individual Privacy Decision Making,2019,Others,Yes,Yes,No,No,Yes,Yes,Yes,Yes,Yes,Yes,Partially,Yes,No,No,No,No,Yes,No,No,No,No,No,No,No,No,No,No
Participatory Design with the Elderly in Software Development: A Case Study,2019,Case Study,No,Yes,No,No,Yes,Yes,No,,,,,,,,,,,,,,,,,,,,
Reducing the Risks of Communication Failures Through Software Models,2019,Others,Partially,Yes,No,No,Yes,Yes,No,,,,,,,,,,,,,,,,,,,,
Social Dimensions in the Acceptance of and Access to Technology: A Usability Study in a Collaborative Security Application,2019,Not Reported,Yes,Yes,No,No,Yes,Yes,Partially,,,,,,,,,,,,,,,,,,,,
An Analysis of MoLIC's Consolidation,2019,Systematic Review,Partially,Yes,Partially,No,Yes,Yes,Yes,Yes,No,No,No,No,No,No,No,No,No,No,Partially,Yes,Yes,Yes,No,No,No,No,No
"Affective State, Self-esteem and Technology: An Exploratory  Study with Children in
Hospital Context",2019,Others,Partially,Yes,Partially,No,Partially,Yes,Partially,Yes,Yes,Yes,Yes,Yes,No,No,No,Yes,No,Yes,Partially,No,No,No,Yes,No,No,No,No
"Submit or Not My HCI Research Project to the Ethics Committee, That is the Question",2019,Others,Yes,Yes,Partially,No,Partially,Yes,Partially,Yes,Partially,No,No,No,No,No,No,No,No,No,Partially,No,No,No,No,Yes,Yes,Yes,No
"An Intra and Inter-conferences Correlation Analysis of the Field of HCI: Revealing 
New Trends from the International and Brazilian Communities",2019,Others,Partially,Yes,Partially,No,Partially,Yes,Partially,Yes,No,No,No,Yes,No,No,No,Yes,Yes,No,Yes,No,Yes,Yes,No,No,No,No,No
"Scope and Definition of User Experience in Brazil: A Survey to Explore Community's
 Perspectives",2019,Survey,Partially,Partially,Partially,No,Partially,Yes,Yes,Yes,No,No,No,Yes,No,No,No,Yes,No,No,Partially,No,No,No,Yes,Yes,Yes,Yes,Yes
"Social Dimensions in the Acceptance of and Access to Technology: A Usability Study
 in a Collaborative Security Application",2019,Others,Partially,Partially,Partially,No,Partially,Yes,Partially,Yes,Partially,No,Yes,Yes,No,No,No,Yes,No,No,Partially,No,No,No,Yes,Yes,Yes,Yes,Yes
Art accessibility for blind people: A process for create and understand visual art,2019,Others,Partially,Yes,No,No,No,No,Partially,,,,,,,,,,,,,,,,,,,,
